SpielTyp;Spielstatus;Bezeichnung;Spielnummer;TagKurz;Spieldatum;Spielzeit;Teamname A;TeamLiga A;Vereinsnummer A;Teamname B;TeamLiga B;Vereinsnummer B;Spielort;Sportanlage;Ort;Wettspielfeld;
"Cup";"";"Berner Cup - Runde  1";"510429";"So";"09.08.2026";"11:00";"C.F. España";"4.";"10336";"FC Pieterlen";"3.";"10222";"Weissenstein, Bern - Fussballfeld Weissenstein 3";"Weissenstein";"Bern";"Fussballfeld Weissenstein 3";
"Cup";"";"Berner Cup - Senioren 30+ - Runde  1";"510317";"Fr";"14.08.2026";"20:00";"Team Region Gantrisch (FC Rüschegg) a";"Sen.30+";"10396";"C.F. España / Italiana";"Sen.30+";"10336";"Pöschen, Schwarzenburg - Hauptplatz";"Pöschen";"Schwarzenburg";"Hauptplatz";
"Turnier Junior*innen E-F-G / Brack play more football";"";"Jun.E Stärkeklasse 3";"802625";"Sa";"15.08.2026";"09:30";"Organisator: FC Ostermundigen";"";"";"Teams: FC Ostermundigen c, FC Bethlehem BE weiss 2, C.F. España, FC Prishtina Bern b1, FC Prishtina Bern b2, SC Wohlensee b1, FC Bethlehem BE weiss 1";"";"";"Oberfeld, Ostermundigen - Hauptplatz";"Oberfeld";"Ostermundigen";"Hauptplatz";
"Turnier Junior*innen E-F-G / Brack play more football";"";"Jun.F Stärkeklasse 3";"802930";"Sa";"15.08.2026";"10:00";"Organisator: C.F. España";"";"";"Teams: C.F. España a1, C.F. España a2, FC Stettlen 08 rot, FC Bern 1894 d, SC Ittigen c";"";"";"Weissenstein, Bern - Fussballfeld Weissenstein 3";"Weissenstein";"Bern";"Fussballfeld Weissenstein 3";
"Meisterschaft";"";"5. Liga / Gruppe  3";"128429";"Sa";"15.08.2026";"16:30";"FC Ticino Bern";"5.";"10325";"C.F. España";"5.";"10336";"Bodenweid, Bern - Kunstrasenfeld Bodenweid 3";"Bodenweid";"Bern";"Kunstrasenfeld Bodenweid 3";
"Meisterschaft";"";"4. Liga / Gruppe  3";"126055";"Sa";"15.08.2026";"19:15";"FC Schwarzenburg";"4.";"10322";"C.F. España";"4.";"10336";"Pöschen, Schwarzenburg - Hauptplatz";"Pöschen";"Schwarzenburg";"Hauptplatz";
"Meisterschaft";"";"Senioren 30+ / MFV / Gruppe  3";"127259";"Mo";"17.08.2026";"19:30";"C.F. España / Italiana";"Sen.30+";"10336";"SC Holligen 94";"Sen.30+";"10318";"Weissenstein, Bern - Fussballfeld Weissenstein 1";"Weissenstein";"Bern";"Fussballfeld Weissenstein 1";
"Meisterschaft";"";"Senioren 40+ / MFV / Gruppe  2";"127343";"Fr";"21.08.2026";"18:45";"SC Worb";"Sen.40+";"10328";"C.F. España / Italiana";"Sen.40+";"10336";"Worbboden, Worb - Hauptplatz";"Worbboden";"Worb";"Hauptplatz";
"Turnier Junior*innen E-F-G / Brack play more football";"";"Jun.G";"803017";"Sa";"22.08.2026";"";"Organisator: FC Köniz";"";"";"Teams: FC Muri-Gümligen a1, FC Muri-Gümligen a2, FC Ostermundigen b1, FC Ostermundigen b2, SC Bümpliz 78 b, SC Bümpliz 78 a, FC Prishtina Bern a1, FC Prishtina Bern a2, FC Prishtina Bern a3, FC Prishtina Bern a4, FC Köniz weiss, C.F. España";"";"";"Liebefeld-Hessgut, Liebefeld - Hauptplatz";"Liebefeld-Hessgut";"Liebefeld";"Hauptplatz";
"Turnier Junior*innen E-F-G / Brack play more football";"";"Jun.E Stärkeklasse 3";"802671";"Sa";"22.08.2026";"11:00";"Organisator: C.F. España";"";"";"Teams: C.F. España, FC Breitenrain e, FC Münsingen d, SC Worb d, SC Bümpliz 78 c, FC Sternenberg weiss 1, FC Grosshöchstetten-Schlosswil b, FC Sternenberg weiss 2";"";"";"Weissenstein, Bern - Fussballfeld Weissenstein 3";"Weissenstein";"Bern";"Fussballfeld Weissenstein 3";
"Meisterschaft";"";"Junioren D-7 / MFV - Herbstrunde / Gruppe  5";"137535";"So";"23.08.2026";"09:00";"C.F. España";"Jun.D-7";"10336";"Team Schlossmatt (AS Italiana) b";"Jun.D-7";"10333";"Weissenstein, Bern - Kunstrasenfeld Weissenstein";"Weissenstein";"Bern";"Kunstrasenfeld Weissenstein";
"Meisterschaft";"";"4. Liga / Gruppe  3";"126060";"So";"23.08.2026";"11:00";"C.F. España";"4.";"10336";"FC Zollikofen a";"4.";"10331";"Weissenstein, Bern - Fussballfeld Weissenstein 3";"Weissenstein";"Bern";"Fussballfeld Weissenstein 3";
"Meisterschaft";"";"5. Liga / Gruppe  3";"128433";"So";"23.08.2026";"13:00";"C.F. España";"5.";"10336";"FC Wyler Bern";"5.";"10308";"Weissenstein, Bern - Fussballfeld Weissenstein 3";"Weissenstein";"Bern";"Fussballfeld Weissenstein 3";
"Meisterschaft";"";"Senioren 40+ / MFV / Gruppe  2";"127346";"Mo";"24.08.2026";"19:30";"C.F. España / Italiana";"Sen.40+";"10336";"FC Ostermundigen";"Sen.40+";"10317";"Weissenstein, Bern - Fussballfeld Weissenstein 1";"Weissenstein";"Bern";"Fussballfeld Weissenstein 1";
"Meisterschaft";"";"Senioren 30+ / MFV / Gruppe  3";"127263";"Mi";"26.08.2026";"19:30";"FC Sternenberg";"Sen.30+";"10397";"C.F. España / Italiana";"Sen.30+";"10336";"Schlatt, Gasel - Hauptplatz";"Schlatt";"Gasel";"Hauptplatz";
"Meisterschaft";"";"Junioren D-7 / MFV - Herbstrunde / Gruppe  5";"137544";"Sa";"29.08.2026";"";"AFC BRO";"Jun.D-7";"10377";"C.F. España";"Jun.D-7";"10336";"";"Sportanlage unb./Install. sport. inc.";" ";"Terrain unb. / terrain inconnu";
"Turnier Junior*innen E-F-G / Brack play more football";"";"Jun.F Stärkeklasse 3";"802936";"Sa";"29.08.2026";"09:00";"Organisator: FC Grosshöchstetten-Schlosswil";"";"";"Teams: FC Grosshöchstetten-Schlosswil a, FC Grosshöchstetten-Schlosswil c, FC Grosshöchstetten-Schlosswil b, SC Thörishaus a1, SC Thörishaus a2, FC Zollikofen d1, FC Zollikofen d2, FC Ostermundigen d, SC Ittigen c, C.F. España a2, C.F. España a1";"";"";"Mutti, Biglen - Hauptplatz";"Mutti";"Biglen";"Hauptplatz";
"Turnier Junior*innen E-F-G / Brack play more football";"";"Jun.E Stärkeklasse 3";"802629";"Sa";"29.08.2026";"13:45";"Organisator: SC Bümpliz 78";"";"";"Teams: SC Bümpliz 78 c, AFC BRO, FC Bethlehem BE weiss 1, C.F. España, FC Schönbühl c, FC Bethlehem BE weiss 2, FC Wabern gelb 2";"";"";"Bodenweid, Bern - Kunstrasenfeld Bodenweid 1";"Bodenweid";"Bern";"Kunstrasenfeld Bodenweid 1";
"Meisterschaft";"";"4. Liga / Gruppe  3";"126068";"Sa";"29.08.2026";"17:30";"FC Sternenberg a";"4.";"10397";"C.F. España";"4.";"10336";"Schlatt, Gasel - Hauptplatz";"Schlatt";"Gasel";"Hauptplatz";
"Meisterschaft";"";"5. Liga / Gruppe  3";"128440";"So";"30.08.2026";"11:30";"FC Bethlehem BE a";"5.";"10393";"C.F. España";"5.";"10336";"Brünnen, Bern - Fussballfeld Brünnen 1";"Brünnen";"Bern";"Fussballfeld Brünnen 1";
"Turnier Junior*innen E-F-G / Brack play more football";"";"Jun.G";"803021";"Sa";"05.09.2026";"";"Organisator: FC Stettlen 08";"";"";"Teams: FC Stettlen 08 schwarz, FC Stettlen 08 gelb, FC Breitenrain a1, FC Breitenrain a2, FC Breitenrain a3, FC Ostermundigen b1, FC Ostermundigen b2, FC Länggasse a1, FC Länggasse a2, FC Länggasse a3, FC Köniz schwarz, C.F. España";"";"";"Schulhaus, Walkringen - Hauptplatz";"Schulhaus";"Walkringen";"Hauptplatz";
"Turnier Junior*innen E-F-G / Brack play more football";"";"Jun.F Stärkeklasse 3";"802976";"Sa";"05.09.2026";"10:00";"Organisator: C.F. España";"";"";"Teams: C.F. España a1, C.F. España a2, FC Sternenberg grün 1, FC Sternenberg grün 2, FC Wyler Bern weiss, FC Wyler Bern grün, FC Stettlen 08 rot, FC Bern 1894 d, SCI Esperia 1927 b, FC Wyler Bern orange";"";"";"Weissenstein, Bern - Fussballfeld Weissenstein 3";"Weissenstein";"Bern";"Fussballfeld Weissenstein 3";
"Turnier Junior*innen E-F-G / Brack play more football";"";"Jun.E Stärkeklasse 3";"802673";"Sa";"05.09.2026";"11:15";"Organisator: FC Grosshöchstetten-Schlosswil";"";"";"Teams: FC Grosshöchstetten-Schlosswil b, FC Sternenberg grün, FC Münsingen d, C.F. España, FC Muri-Gümligen d, SC Worb d, FC Breitenrain e, FC Weissenstein Bern c";"";"";"Arniacher, Grosshöchstetten - Hauptplatz";"Arniacher";"Grosshöchstetten";"Hauptplatz";
"Meisterschaft";"";"Junioren D-7 / MFV - Herbstrunde / Gruppe  5";"137552";"So";"06.09.2026";"10:00";"C.F. España";"Jun.D-7";"10336";"SC Worb b";"Jun.D-7";"10328";"Weissenstein, Bern - Kunstrasenfeld Weissenstein";"Weissenstein";"Bern";"Kunstrasenfeld Weissenstein";
"Meisterschaft";"";"4. Liga / Gruppe  3";"126071";"So";"06.09.2026";"13:00";"C.F. España";"4.";"10336";"Portugal Futebol Clube";"4.";"10384";"Weissenstein, Bern - Fussballfeld Weissenstein 3";"Weissenstein";"Bern";"Fussballfeld Weissenstein 3";
"Meisterschaft";"";"5. Liga / Gruppe  3";"128442";"So";"06.09.2026";"15:00";"C.F. España";"5.";"10336";"FC Bern 1894";"5.";"10302";"Weissenstein, Bern - Fussballfeld Weissenstein 3";"Weissenstein";"Bern";"Fussballfeld Weissenstein 3";
"Meisterschaft";"";"Senioren 30+ / MFV / Gruppe  3";"127266";"Do";"10.09.2026";"19:30";"C.F. España / Italiana";"Sen.30+";"10336";"FC Wabern";"Sen.30+";"10382";"Weissenstein, Bern - Fussballfeld Weissenstein 2";"Weissenstein";"Bern";"Fussballfeld Weissenstein 2";
"Meisterschaft";"";"Senioren 40+ / MFV / Gruppe  2";"127349";"Fr";"11.09.2026";"19:30";"SC Münchenbuchsee / Ittigen";"Sen.40+";"10314";"C.F. España / Italiana";"Sen.40+";"10336";"Hirzenfeld, Münchenbuchsee - Hirzenfeld";"Hirzenfeld";"Münchenbuchsee";"Hirzenfeld";
"Turnier Junior*innen E-F-G / Brack play more football";"";"Jun.F Stärkeklasse 3";"802977";"Sa";"12.09.2026";"";"Organisator: FC Sternenberg";"";"";"Teams: FC Sternenberg grün 1, FC Sternenberg grün 2, FC Grosshöchstetten-Schlosswil a, FC Grosshöchstetten-Schlosswil c, FC Grosshöchstetten-Schlosswil b, SC Wohlensee b1, SC Wohlensee b2, AFC BRO, FC Muri-Gümligen d, FC Bern 1894 d, C.F. España a1, C.F. España a2";"";"";"Schlatt, Gasel - Hauptplatz";"Schlatt";"Gasel";"Hauptplatz";
"Turnier Junior*innen E-F-G / Brack play more football";"";"Jun.E Stärkeklasse 3";"802677";"Sa";"12.09.2026";"11:15";"Organisator: SC Bümpliz 78";"";"";"Teams: SC Bümpliz 78 c, AFC BRO, FC Sternenberg weiss 1, FC Grosshöchstetten-Schlosswil b, FC Sternenberg rot, C.F. España, FC Wabern gelb 2, FC Sternenberg weiss 2";"";"";"Bodenweid, Bern - Kunstrasenfeld Bodenweid 1";"Bodenweid";"Bern";"Kunstrasenfeld Bodenweid 1";
"Meisterschaft";"";"5. Liga / Gruppe  3";"128451";"So";"13.09.2026";"10:30";"FC Jedinstvo";"5.";"10355";"C.F. España";"5.";"10336";"Bodenweid, Bern - Kunstrasenfeld Bodenweid 3";"Bodenweid";"Bern";"Kunstrasenfeld Bodenweid 3";
"Turnier Junior*innen E-F-G / Brack play more football";"";"Jun.G";"803023";"So";"13.09.2026";"10:30";"Organisator: C.F. España";"";"";"Teams: C.F. España, FC Länggasse a1, FC Länggasse a2, FC Länggasse a3, FC Wyler Bern rot, FC Wyler Bern blau, FC Wyler Bern weiss, FC Wyler Bern schwarz, FC Muri-Gümligen a1, FC Muri-Gümligen a2, FC Köniz weiss";"";"";"Weissenstein, Bern - Fussballfeld Weissenstein 3";"Weissenstein";"Bern";"Fussballfeld Weissenstein 3";
"Meisterschaft";"";"Junioren D-7 / MFV - Herbstrunde / Gruppe  5";"137558";"So";"13.09.2026";"11:00";"C.F. España";"Jun.D-7";"10336";"FC Sternenberg b";"Jun.D-7";"10397";"Weissenstein, Bern - Kunstrasenfeld Weissenstein";"Weissenstein";"Bern";"Kunstrasenfeld Weissenstein";
"Meisterschaft";"";"4. Liga / Gruppe  3";"126081";"So";"13.09.2026";"13:00";"FC Jedinstvo";"4.";"10355";"C.F. España";"4.";"10336";"Bodenweid, Bern - Kunstrasenfeld Bodenweid 3";"Bodenweid";"Bern";"Kunstrasenfeld Bodenweid 3";
"Meisterschaft";"";"4. Liga / Gruppe  3";"126082";"Sa";"19.09.2026";"19:30";"C.F. España";"4.";"10336";"FC Weissenstein Bern b";"4.";"10323";"Weissenstein, Bern - Fussballfeld Weissenstein 3";"Weissenstein";"Bern";"Fussballfeld Weissenstein 3";
"Meisterschaft";"";"5. Liga / Gruppe  3";"128461";"So";"27.09.2026";"12:00";"C.F. España";"5.";"10336";"SC Holligen 94";"5.";"10318";"Weissenstein, Bern - Fussballfeld Weissenstein 3";"Weissenstein";"Bern";"Fussballfeld Weissenstein 3";
"Meisterschaft";"";"Senioren 30+ / MFV / Gruppe  3";"127272";"Fr";"02.10.2026";"20:15";"FC Goldstern";"Sen.30+";"10306";"C.F. España / Italiana";"Sen.30+";"10336";"Sportanlage Bremgarten bB, Bremgarten - Hauptplatz";"Sportanlage Bremgarten bB";"Bremgarten";"Hauptplatz";
"Meisterschaft";"";"4. Liga / Gruppe  3";"126095";"Sa";"03.10.2026";"14:00";"FC Wabern";"4.";"10382";"C.F. España";"4.";"10336";"Lerbermatt, Köniz/Wabern - Hauptplatz";"Lerbermatt";"Köniz/Wabern";"Hauptplatz";
"Meisterschaft";"";"5. Liga / Gruppe  3";"128462";"So";"04.10.2026";"10:30";"FC Köniz";"5.";"10309";"C.F. España";"5.";"10336";"Ried - Niederwangen (Gemeinde Köniz),   - Kunststoffrasen";"Ried - Niederwangen (Gemeinde Köniz)";" ";"Kunststoffrasen";
"Meisterschaft";"";"Senioren 30+ / MFV / Gruppe  3";"127273";"Mo";"05.10.2026";"19:30";"C.F. España / Italiana";"Sen.30+";"10336";"SC Wohlensee";"Sen.30+";"10390";"Weissenstein, Bern - Fussballfeld Weissenstein 1";"Weissenstein";"Bern";"Fussballfeld Weissenstein 1";
"Meisterschaft";"";"4. Liga / Gruppe  3";"126104";"So";"11.10.2026";"11:00";"C.F. España";"4.";"10336";"NK Tomislavgrad Bern";"4.";"10392";"Weissenstein, Bern - Fussballfeld Weissenstein 3";"Weissenstein";"Bern";"Fussballfeld Weissenstein 3";
"Meisterschaft";"";"5. Liga / Gruppe  3";"128470";"So";"11.10.2026";"13:30";"C.F. España";"5.";"10336";"FC Länggasse";"5.";"10311";"Weissenstein, Bern - Fussballfeld Weissenstein 3";"Weissenstein";"Bern";"Fussballfeld Weissenstein 3";
"Meisterschaft";"";"Senioren 30+ / MFV / Gruppe  3";"127280";"Mo";"12.10.2026";"19:30";"C.F. España / Italiana";"Sen.30+";"10336";"Team Chiesetau (FC GS)";"Sen.30+";"10434";"Weissenstein, Bern - Fussballfeld Weissenstein 1";"Weissenstein";"Bern";"Fussballfeld Weissenstein 1";
"Meisterschaft";"";"Senioren 40+ / MFV / Gruppe  2";"127352";"Di";"13.10.2026";"19:30";"C.F. España / Italiana";"Sen.40+";"10336";"FC Galicia";"Sen.40+";"10351";"Weissenstein, Bern - Fussballfeld Weissenstein 1";"Weissenstein";"Bern";"Fussballfeld Weissenstein 1";
"Meisterschaft";"";"4. Liga / Gruppe  3";"126093";"Do";"15.10.2026";"20:00";"C.F. España";"4.";"10336";"FK Drina Bern";"4.";"10352";"Weissenstein, Bern - Fussballfeld Weissenstein 1";"Weissenstein";"Bern";"Fussballfeld Weissenstein 1";
"Meisterschaft";"";"5. Liga / Gruppe  3";"128473";"Fr";"16.10.2026";"19:30";"SC Worb a";"5.";"10328";"C.F. España";"5.";"10336";"Worbboden, Worb - Hauptplatz";"Worbboden";"Worb";"Hauptplatz";
"Turnier Junior*innen E-F-G / Brack play more football";"";"Jun.F Stärkeklasse 3";"802944";"Sa";"17.10.2026";"10:00";"Organisator: FC Laupen";"";"";"Teams: FC Laupen a1, FC Bolligen c, FC Bolligen d, SC Jegenstorf schwarz 1, SC Jegenstorf schwarz 2, SC Worb c, FC Schwarzenburg b, C.F. España a1, C.F. España a2";"";"";"Gillenau, Laupen - Nebenplatz";"Gillenau";"Laupen";"Nebenplatz";
"Meisterschaft";"";"Junioren D-7 / MFV - Herbstrunde / Gruppe  5";"137563";"Sa";"17.10.2026";"11:30";"Team Chiesetau (FC GS) c";"Jun.D-7";"10434";"C.F. España";"Jun.D-7";"10336";"Mutti, Biglen - Hauptplatz";"Mutti";"Biglen";"Hauptplatz";
"Meisterschaft";"";"4. Liga / Gruppe  3";"126108";"Sa";"17.10.2026";"17:00";"SC Holligen 94";"4.";"10318";"C.F. España";"4.";"10336";"Steigerhubel, Bern - Fussballfeld Steigerhubel 1";"Steigerhubel";"Bern";"Fussballfeld Steigerhubel 1";
"Turnier Junior*innen E-F-G / Brack play more football";"";"Jun.E Stärkeklasse 3";"802634";"So";"18.10.2026";"10:15";"Organisator: FC Breitenrain";"";"";"Teams: C.F. España, FC Sternenberg weiss 1, FC Schönbühl c, FC Breitenrain e, FC Wabern gelb 2, FC Ostermundigen c, FC Stettlen 08 rot, FC Sternenberg weiss 2";"";"";"Spitalacker, Bern - Kunstrasenfeld Spitalacker";"Spitalacker";"Bern";"Kunstrasenfeld Spitalacker";
"Meisterschaft";"";"Senioren 40+ / MFV / Gruppe  2";"127355";"Do";"22.10.2026";"20:00";"FC Weissenstein Bern";"Sen.40+";"10323";"C.F. España / Italiana";"Sen.40+";"10336";"Weissenstein, Bern - Fussballfeld Weissenstein 1";"Weissenstein";"Bern";"Fussballfeld Weissenstein 1";
"Meisterschaft";"";"Senioren 30+ / MFV / Gruppe  3";"127282";"Fr";"23.10.2026";"19:30";"SC Ittigen / Münchenbuchsee";"Sen.30+";"10335";"C.F. España / Italiana";"Sen.30+";"10336";"Hubelgut, Worblaufen - Hauptplatz";"Hubelgut";"Worblaufen";"Hauptplatz";
"Turnier Junior*innen E-F-G / Brack play more football";"";"Jun.F Stärkeklasse 3";"802980";"Sa";"24.10.2026";"10:00";"Organisator: A.S. Italiana";"";"";"Teams: Team Schlossmatt (AS Italiana) b2, FC Sternenberg grün 1, FC Sternenberg grün 2, FC Grosshöchstetten-Schlosswil a, FC Grosshöchstetten-Schlosswil c, FC Grosshöchstetten-Schlosswil b, C.F. España a1, SCI Esperia 1927 b, FC Bern 1894 d, FC Muri-Gümligen d, Team Schlossmatt (AS Italiana) b1, C.F. España a2";"";"";"Lory, Bern - Fussballfeld Lory";"Lory";"Bern";"Fussballfeld Lory";
"Turnier Junior*innen E-F-G / Brack play more football";"";"Jun.E Stärkeklasse 3";"802680";"Sa";"24.10.2026";"12:00";"Organisator: FC Weissenstein Bern";"";"";"Teams: FC Weissenstein Bern c, FC Sternenberg rot, FC Stettlen 08 rot, C.F. España, FC Muri-Gümligen d, FC Münsingen d, FC Sternenberg grün";"";"";"Weissenstein, Bern - Fussballfeld Weissenstein 1";"Weissenstein";"Bern";"Fussballfeld Weissenstein 1";
"Turnier Junior*innen E-F-G / Brack play more football";"";"Jun.G";"803026";"So";"25.10.2026";"10:00";"Organisator: C.F. España";"";"";"Teams: C.F. España, FC Wyler Bern rot, FC Wyler Bern blau, FC Wyler Bern weiss, FC Wyler Bern schwarz, FC Muri-Gümligen a1, FC Muri-Gümligen a2, FC Breitenrain a1, FC Breitenrain a2, FC Breitenrain a3, FC Köniz schwarz";"";"";"Weissenstein, Bern - Fussballfeld Weissenstein 3";"Weissenstein";"Bern";"Fussballfeld Weissenstein 3";
"Meisterschaft";"";"Junioren D-7 / MFV - Herbstrunde / Gruppe  5";"137571";"So";"25.10.2026";"11:00";"C.F. España";"Jun.D-7";"10336";"FC Stettlen 08 b";"Jun.D-7";"10364";"Weissenstein, Bern - Kunstrasenfeld Weissenstein";"Weissenstein";"Bern";"Kunstrasenfeld Weissenstein";
"Meisterschaft";"";"4. Liga / Gruppe  3";"126049";"So";"25.10.2026";"13:30";"C.F. España";"4.";"10336";"FC Bern 1894";"4.";"10302";"Weissenstein, Bern - Fussballfeld Weissenstein 3";"Weissenstein";"Bern";"Fussballfeld Weissenstein 3";
"Meisterschaft";"";"5. Liga / Gruppe  3";"128424";"So";"25.10.2026";"16:00";"C.F. España";"5.";"10336";"SC Thörishaus a";"5.";"10381";"Weissenstein, Bern - Fussballfeld Weissenstein 3";"Weissenstein";"Bern";"Fussballfeld Weissenstein 3";
"Turnier Junior*innen E-F-G / Brack play more football";"";"Jun.F Stärkeklasse 3";"802947";"Sa";"31.10.2026";"09:00";"Organisator: SC Ittigen";"";"";"Teams: SC Ittigen c, SC Ittigen d, FC Weissenstein Bern c2, FC Weissenstein Bern c1, FC Belp 19 weiss 2, FC Belp 19 weiss 1, SC Jegenstorf schwarz 1, SC Jegenstorf schwarz 2, C.F. España a1, FC Muri-Gümligen d, C.F. España a2";"";"";"Hubelgut, Worblaufen - Hauptplatz";"Hubelgut";"Worblaufen";"Hauptplatz";
"Turnier Junior*innen E-F-G / Brack play more football";"";"Jun.E Stärkeklasse 3";"802640";"Sa";"31.10.2026";"10:30";"Organisator: FC Belp";"";"";"Teams: FC Belp 17 rot, FC Muri-Gümligen d, FC Sternenberg grün, C.F. España";"";"";"Giessenbad, Belp - Kunststoffrasenplatz";"Giessenbad";"Belp";"Kunststoffrasenplatz";
"Meisterschaft";"";"Junioren D-7 / MFV - Herbstrunde / Gruppe  5";"137578";"Sa";"31.10.2026";"12:00";"SC Ittigen b";"Jun.D-7";"10335";"C.F. España";"Jun.D-7";"10336";"Hubelgut, Worblaufen - Hauptplatz";"Hubelgut";"Worblaufen";"Hauptplatz";
"Meisterschaft";"";"5. Liga / Gruppe  3";"128479";"Sa";"27.03.2027";"";"SC Thörishaus a";"5.";"10381";"C.F. España";"5.";"10336";"Stucki, Thörishaus - Hauptplatz";"Stucki";"Thörishaus";"Hauptplatz";
"Meisterschaft";"";"4. Liga / Gruppe  3";"126115";"Sa";"27.03.2027";"19:00";"FC Bern 1894";"4.";"10302";"C.F. España";"4.";"10336";"Stadion Neufeld, Bern - Kunstrasenfeld Neufeld 2";"Stadion Neufeld";"Bern";"Kunstrasenfeld Neufeld 2";
"Meisterschaft";"";"4. Liga / Gruppe  3";"126121";"So";"04.04.2027";"11:00";"C.F. España";"4.";"10336";"FC Schwarzenburg";"4.";"10322";"Weissenstein, Bern - Fussballfeld Weissenstein 3";"Weissenstein";"Bern";"Fussballfeld Weissenstein 3";
"Meisterschaft";"";"5. Liga / Gruppe  3";"128484";"So";"04.04.2027";"13:00";"C.F. España";"5.";"10336";"FC Ticino Bern";"5.";"10325";"Weissenstein, Bern - Fussballfeld Weissenstein 3";"Weissenstein";"Bern";"Fussballfeld Weissenstein 3";
"Meisterschaft";"";"Senioren 30+ / MFV / Gruppe  3";"127287";"Fr";"09.04.2027";"19:30";"SC Holligen 94";"Sen.30+";"10318";"C.F. España / Italiana";"Sen.30+";"10336";"Steigerhubel, Bern - Fussballfeld Steigerhubel 1";"Steigerhubel";"Bern";"Fussballfeld Steigerhubel 1";
"Meisterschaft";"";"4. Liga / Gruppe  3";"126126";"So";"11.04.2027";"";"FC Zollikofen a";"4.";"10331";"C.F. España";"4.";"10336";"Schulanlage Geisshubel, Zollikofen - Gemeindesportplatz";"Schulanlage Geisshubel";"Zollikofen";"Gemeindesportplatz";
"Meisterschaft";"";"5. Liga / Gruppe  3";"128488";"So";"11.04.2027";"13:30";"FC Wyler Bern";"5.";"10308";"C.F. España";"5.";"10336";"Wyler, Bern - Kunstrasenfeld Wyler";"Wyler";"Bern";"Kunstrasenfeld Wyler";
"Meisterschaft";"";"Senioren 40+ / MFV / Gruppe  2";"127358";"Mo";"12.04.2027";"19:30";"C.F. España / Italiana";"Sen.40+";"10336";"SC Worb";"Sen.40+";"10328";"Weissenstein, Bern - Fussballfeld Weissenstein 1";"Weissenstein";"Bern";"Fussballfeld Weissenstein 1";
"Meisterschaft";"";"Senioren 30+ / MFV / Gruppe  3";"127291";"Mo";"12.04.2027";"19:30";"C.F. España / Italiana";"Sen.30+";"10336";"FC Sternenberg";"Sen.30+";"10397";"Weissenstein, Bern - Fussballfeld Weissenstein 1";"Weissenstein";"Bern";"Fussballfeld Weissenstein 1";
"Meisterschaft";"";"4. Liga / Gruppe  3";"126134";"So";"18.04.2027";"11:00";"C.F. España";"4.";"10336";"FC Sternenberg a";"4.";"10397";"Weissenstein, Bern - Fussballfeld Weissenstein 3";"Weissenstein";"Bern";"Fussballfeld Weissenstein 3";
"Meisterschaft";"";"5. Liga / Gruppe  3";"128495";"So";"18.04.2027";"13:00";"C.F. España";"5.";"10336";"FC Bethlehem BE a";"5.";"10393";"Weissenstein, Bern - Fussballfeld Weissenstein 3";"Weissenstein";"Bern";"Fussballfeld Weissenstein 3";
"Meisterschaft";"";"Senioren 40+ / MFV / Gruppe  2";"127361";"Mo";"19.04.2027";"19:15";"FC Ostermundigen";"Sen.40+";"10317";"C.F. España / Italiana";"Sen.40+";"10336";"Rüti 2, Ostermundigen - Hauptplatz Rüti 2";"Rüti 2";"Ostermundigen";"Hauptplatz Rüti 2";
"Meisterschaft";"";"Senioren 30+ / MFV / Gruppe  3";"127294";"Fr";"23.04.2027";"19:30";"FC Wabern";"Sen.30+";"10382";"C.F. España / Italiana";"Sen.30+";"10336";"Lerbermatt, Köniz/Wabern - Hauptplatz";"Lerbermatt";"Köniz/Wabern";"Hauptplatz";
"Meisterschaft";"";"5. Liga / Gruppe  3";"128497";"Sa";"24.04.2027";"19:00";"FC Bern 1894";"5.";"10302";"C.F. España";"5.";"10336";"Stadion Neufeld, Bern - Kunstrasenfeld Neufeld 2";"Stadion Neufeld";"Bern";"Kunstrasenfeld Neufeld 2";
"Meisterschaft";"";"4. Liga / Gruppe  3";"126137";"So";"25.04.2027";"10:15";"Portugal Futebol Clube";"4.";"10384";"C.F. España";"4.";"10336";"Ried - Niederwangen (Gemeinde Köniz),   - Kunststoffrasen";"Ried - Niederwangen (Gemeinde Köniz)";" ";"Kunststoffrasen";
"Meisterschaft";"";"Senioren 30+ / MFV / Gruppe  3";"127300";"Mo";"26.04.2027";"19:30";"C.F. España / Italiana";"Sen.30+";"10336";"FC Goldstern";"Sen.30+";"10306";"Weissenstein, Bern - Fussballfeld Weissenstein 1";"Weissenstein";"Bern";"Fussballfeld Weissenstein 1";
"Meisterschaft";"";"4. Liga / Gruppe  3";"126147";"So";"02.05.2027";"11:00";"C.F. España";"4.";"10336";"FC Jedinstvo";"4.";"10355";"Weissenstein, Bern - Fussballfeld Weissenstein 3";"Weissenstein";"Bern";"Fussballfeld Weissenstein 3";
"Meisterschaft";"";"5. Liga / Gruppe  3";"128506";"So";"02.05.2027";"13:00";"C.F. España";"5.";"10336";"FC Jedinstvo";"5.";"10355";"Weissenstein, Bern - Fussballfeld Weissenstein 3";"Weissenstein";"Bern";"Fussballfeld Weissenstein 3";
"Meisterschaft";"";"Senioren 40+ / MFV / Gruppe  2";"127364";"Mo";"03.05.2027";"19:30";"C.F. España / Italiana";"Sen.40+";"10336";"SC Münchenbuchsee / Ittigen";"Sen.40+";"10314";"Weissenstein, Bern - Fussballfeld Weissenstein 1";"Weissenstein";"Bern";"Fussballfeld Weissenstein 1";
"Meisterschaft";"";"Senioren 30+ / MFV / Gruppe  3";"127301";"Fr";"07.05.2027";"19:30";"SC Wohlensee";"Sen.30+";"10390";"C.F. España / Italiana";"Sen.30+";"10336";"Ey, Hinterkappelen - Hauptplatz";"Ey";"Hinterkappelen";"Hauptplatz";
"Meisterschaft";"";"4. Liga / Gruppe  3";"126148";"So";"09.05.2027";"13:00";"FC Weissenstein Bern b";"4.";"10323";"C.F. España";"4.";"10336";"Weissenstein, Bern - Fussballfeld Weissenstein 3";"Weissenstein";"Bern";"Fussballfeld Weissenstein 3";
"Meisterschaft";"";"Senioren 30+ / MFV / Gruppe  3";"127308";"Fr";"21.05.2027";"19:30";"Team Chiesetau (FC GS)";"Sen.30+";"10434";"C.F. España / Italiana";"Sen.30+";"10336";"Arniacher, Grosshöchstetten - Hauptplatz";"Arniacher";"Grosshöchstetten";"Hauptplatz";
"Meisterschaft";"";"Senioren 40+ / MFV / Gruppe  2";"127367";"Sa";"22.05.2027";"16:00";"FC Galicia";"Sen.40+";"10351";"C.F. España / Italiana";"Sen.40+";"10336";"Wyler, Bern - Fussballfeld Wyler";"Wyler";"Bern";"Fussballfeld Wyler";
"Meisterschaft";"";"4. Liga / Gruppe  3";"126159";"So";"23.05.2027";"13:00";"FK Drina Bern";"4.";"10352";"C.F. España";"4.";"10336";"Allmend Bern, Bern - Kunstrasenfeld Allmend 1";"Allmend Bern";"Bern";"Kunstrasenfeld Allmend 1";
"Meisterschaft";"";"5. Liga / Gruppe  3";"128516";"So";"23.05.2027";"15:00";"SC Holligen 94";"5.";"10318";"C.F. España";"5.";"10336";"Steigerhubel, Bern - Fussballfeld Steigerhubel 1";"Steigerhubel";"Bern";"Fussballfeld Steigerhubel 1";
"Meisterschaft";"";"Senioren 40+ / MFV / Gruppe  2";"127370";"Mo";"24.05.2027";"19:30";"C.F. España / Italiana";"Sen.40+";"10336";"FC Weissenstein Bern";"Sen.40+";"10323";"Weissenstein, Bern - Fussballfeld Weissenstein 1";"Weissenstein";"Bern";"Fussballfeld Weissenstein 1";
"Meisterschaft";"";"Senioren 30+ / MFV / Gruppe  3";"127310";"Mo";"24.05.2027";"19:30";"C.F. España / Italiana";"Sen.30+";"10336";"SC Ittigen / Münchenbuchsee";"Sen.30+";"10335";"Weissenstein, Bern - Fussballfeld Weissenstein 1";"Weissenstein";"Bern";"Fussballfeld Weissenstein 1";
"Meisterschaft";"";"4. Liga / Gruppe  3";"126161";"So";"30.05.2027";"11:00";"C.F. España";"4.";"10336";"FC Wabern";"4.";"10382";"Weissenstein, Bern - Fussballfeld Weissenstein 3";"Weissenstein";"Bern";"Fussballfeld Weissenstein 3";
"Meisterschaft";"";"5. Liga / Gruppe  3";"128517";"So";"30.05.2027";"13:00";"C.F. España";"5.";"10336";"FC Köniz";"5.";"10309";"Weissenstein, Bern - Fussballfeld Weissenstein 3";"Weissenstein";"Bern";"Fussballfeld Weissenstein 3";
"Meisterschaft";"";"4. Liga / Gruppe  3";"126170";"Sa";"05.06.2027";"15:00";"NK Tomislavgrad Bern";"4.";"10392";"C.F. España";"4.";"10336";"Holenacker, Bern - Fussballfeld Holenacker 1";"Holenacker";"Bern";"Fussballfeld Holenacker 1";
"Meisterschaft";"";"5. Liga / Gruppe  3";"128525";"So";"06.06.2027";"12:30";"FC Länggasse";"5.";"10311";"C.F. España";"5.";"10336";"Stadion Neufeld, Bern - Kunstrasenfeld Neufeld 1";"Stadion Neufeld";"Bern";"Kunstrasenfeld Neufeld 1";
"Meisterschaft";"";"4. Liga / Gruppe  3";"126174";"So";"13.06.2027";"11:00";"C.F. España";"4.";"10336";"SC Holligen 94";"4.";"10318";"Weissenstein, Bern - Fussballfeld Weissenstein 3";"Weissenstein";"Bern";"Fussballfeld Weissenstein 3";
"Meisterschaft";"";"5. Liga / Gruppe  3";"128528";"So";"13.06.2027";"13:00";"C.F. España";"5.";"10336";"SC Worb a";"5.";"10328";"Weissenstein, Bern - Fussballfeld Weissenstein 3";"Weissenstein";"Bern";"Fussballfeld Weissenstein 3";
